training_set,training_error,test_error
10%,0.005786,0.662037
20%,0.002411,0.662037
30%,0.002251,0.506173
40%,0.004099,0.318673
50%,0.002508,0.318673
60%,0.003054,0.290895
70%,0.002342,0.272377
80%,0.001085,0.200617
90%,0.001608,0.21875
100%,0.001736,0.23341