training_set,training_error,test_error
10%,0.031823,0.657407
20%,0.0135,0.657407
30%,0.029904,0.55054
40%,0.03593,0.317515
50%,0.026427,0.317515
60%,0.019932,0.297454
70%,0.025214,0.253858
80%,0.022305,0.287037
90%,0.026685,0.285494
100%,0.030864,0.285494