training_set,training_error,test_error
10%,0.52381,0.584906
20%,0.411765,0.471698
30%,0.354331,0.377358
40%,0.388235,0.349057
50%,0.367925,0.320755
60%,0.360784,0.311321
70%,0.333333,0.320755
80%,0.335294,0.311321
90%,0.350785,0.292453
100%,0.294118,0.311321