training_set,training_error,test_error
10%,0.904762,0.896226
20%,0.882353,0.933962
30%,0.874016,0.933962
40%,0.870588,0.933962
50%,0.872642,0.933962
60%,0.890196,0.933962
70%,0.875421,0.933962
80%,0.882353,0.933962
90%,0.890052,0.933962
100%,0.887059,0.933962