training_set,training_error,test_error
10%,0.062681,0.585648
20%,0.025554,0.58642
30%,0.043087,0.585648
40%,0.036653,0.363426
50%,0.024691,0.389275
60%,0.021861,0.38233
70%,0.019702,0.285494
80%,0.015312,0.256559
90%,0.018969,0.109568
100%,0.015529,0.103395