training_set,training_error,test_error
10%,0.857143,0.811321
20%,0.635294,0.745283
30%,0.582677,0.566038
40%,0.582353,0.556604
50%,0.542453,0.650943
60%,0.588235,0.584906
70%,0.585859,0.556604
80%,0.517647,0.603774
90%,0.573298,0.641509
100%,0.564706,0.537736