training_set,training_error,test_error
10%,0.785714,0.726415
20%,0.647059,0.650943
30%,0.527559,0.556604
40%,0.523529,0.50
50%,0.533019,0.537736
60%,0.533333,0.556604
70%,0.538721,0.490566
80%,0.526471,0.537736
90%,0.489529,0.443396
100%,0.48,0.471698