training_set,training_error,test_error
10%,0.033751,0.65625
20%,0.0135,0.654321
30%,0.036656,0.594136
40%,0.033036,0.340278
50%,0.027585,0.333333
60%,0.024433,0.332176
70%,0.033618,0.297454
80%,0.022305,0.277778
90%,0.025614,0.268519
100%,0.022955,0.261188