training_set,training_error,test_error
10%,0.033751,0.646991
20%,0.027965,0.650463
30%,0.040836,0.516975
40%,0.047263,0.326389
50%,0.04186,0.33179
60%,0.043723,0.283565
70%,0.051943,0.229552
80%,0.055944,0.231867
90%,0.060337,0.128086
100%,0.061632,0.126543