training_set,training_error,test_error
10%,0.001929,0.662037
20%,0.000964,0.662037
30%,0.00836,0.628858
40%,0.034,0.29321
50%,0.000579,0.318673
60%,0.012699,0.322531
70%,0.00496,0.243827
80%,0.004582,0.21142
90%,0.035366,0.064429
100%,0.022473,0.073302