training_set,training_error,test_error
10%,0.738095,0.773585
20%,0.682353,0.707547
30%,0.559055,0.679245
40%,0.611765,0.660377
50%,0.561321,0.698113
60%,0.611765,0.679245
70%,0.649832,0.735849
80%,0.661765,0.59434
90%,0.646597,0.556604
100%,0.651765,0.537736