training_set,training_error,test_error
10%,0.785714,0.943396
20%,0.694118,0.915094
30%,0.622047,0.877358
40%,0.60,0.801887
50%,0.603774,0.716981
60%,0.619608,0.707547
70%,0.585859,0.613208
80%,0.614706,0.566038
90%,0.586387,0.59434
100%,0.578824,0.528302